"Date","y_pred","y_pred_calibrated"
"16-Jun-06","258.82468","198.6082975876"
"15-Jun-06","259.4979","199.055580193539"
"14-Jun-06","257.8129","197.936078112485"
"13-Jun-06","263.45486","201.68455642775"
"12-Jun-06","274.4763","209.00712320295"
"9-Jun-06","271.24673","206.861419739502"
"8-Jun-06","266.86795","203.952189281059"
"7-Jun-06","273.2984","208.224534774894"
"6-Jun-06","276.15897","210.125077248485"
"5-Jun-06","276.70346","210.486832553003"
"2-Jun-06","268.15067","204.804419375664"
"1-Jun-06","267.3257","204.256315143137"
"31-May-06","270.44467","206.32853674892"
"30-May-06","273.41412","208.301418324342"
"26-May-06","271.03302","206.719432327192"
"25-May-06","266.55634","203.74515780125"
"24-May-06","265.20078","202.844533325883"
"23-May-06","263.27396","201.564367747357"
"22-May-06","255.72124","196.546394003964"
"19-May-06","259.72913","199.20920776992"
"18-May-06","257.20325","197.53103096488"
"17-May-06","259.06003","198.764662462838"
"16-May-06","260.61035","199.794684104558"
"15-May-06","270.28708","206.223835067642"
"12-May-06","283.3594","214.908992007822"
"11-May-06","283.84756","215.233322058793"
"10-May-06","272.72775","207.84539895142"
"9-May-06","265.35715","202.948424447791"
"8-May-06","260.9382","200.012505325492"
"5-May-06","260.57877","199.773702575941"
"4-May-06","264.946","202.675259296084"
"3-May-06","278.44424","211.643394471494"
"2-May-06","282.0013","214.006679974422"
"1-May-06","275.0095","209.361377511328"
"28-Apr-06","270.63187","206.45291110475"
"27-Apr-06","272.69705","207.825002088579"
"26-Apr-06","277.59995","211.082454167628"
"25-Apr-06","277.00784","210.689060471953"
"24-Apr-06","280.74545","213.17230211775"
"21-Apr-06","279.85733","212.582241471919"
"20-Apr-06","278.9163","211.95702779635"
"19-Apr-06","279.55276","212.379887318313"
"18-Apr-06","275.3338","209.576840137373"
"17-Apr-06","269.81693","205.911470733276"
"13-Apr-06","264.82858","202.597246278662"
"12-Apr-06","263.30344","201.583954050829"
"11-Apr-06","259.3967","198.988343629383"
"10-Apr-06","253.48778","195.062498978474"
"7-Apr-06","248.42746","191.700458164944"
"6-Apr-06","248.21005","191.556012498806"
"5-Apr-06","244.96811","189.402090494858"
"4-Apr-06","244.13554","188.848936876091"
"3-Apr-06","246.44067","190.380448942619"
"31-Mar-06","245.91167","190.028985084532"
"30-Mar-06","244.9999","189.42321154599"
"29-Mar-06","240.66002","186.539825972385"
"28-Mar-06","234.99416","182.775468666178"
"27-Mar-06","232.05394","180.822007295996"
"24-Mar-06","232.4712","181.099231888483"
"23-Mar-06","226.55046","177.165534113184"
"22-Mar-06","227.56242","177.837873179025"
"21-Mar-06","225.56468","176.510588854156"
"20-Mar-06","228.3774","178.379340126217"
"17-Mar-06","233.99779","182.113487486059"
"16-Mar-06","232.24709","180.950334789738"
"15-Mar-06","234.32533","182.331102745186"
"14-Mar-06","228.62715","178.545272259595"
"13-Mar-06","216.99982","170.820156454195"
"10-Mar-06","217.99825","171.483506283742"
"9-Mar-06","217.76314","171.327300862806"
"8-Mar-06","217.33269","171.041312927619"
"7-Mar-06","223.39008","175.065799996317"
"6-Mar-06","232.43962","181.078250359866"
"3-Mar-06","235.32796","182.997243025024"
"2-Mar-06","228.85266","178.695099508437"
"1-Mar-06","223.18216","174.927659419051"
"28-Feb-06","216.88582","170.74441566058"
"27-Feb-06","217.03181","170.841410383912"
"24-Feb-06","214.4302","169.112919102552"
"23-Feb-06","208.67732","165.290746323885"
"22-Feb-06","208.80922","165.378379750883"
"21-Feb-06","212.61418","167.906368260276"
"17-Feb-06","206.82716","164.0615131071"
"16-Feb-06","201.43452","160.478681236255"
"15-Feb-06","201.1334","160.278619238245"
"14-Feb-06","203.86577","162.093986538666"
"13-Feb-06","207.62935","164.594482468763"
"10-Feb-06","209.6024","165.905362932278"
"9-Feb-06","210.94353","166.796400217716"
"8-Feb-06","213.77342","168.676559116324"
"7-Feb-06","222.4611","174.448592255511"
"6-Feb-06","231.30603","180.325101182381"
"3-Feb-06","228.21292","178.270060777676"
"2-Feb-06","234.58046","182.500609312509"
"1-Feb-06","242.0218","187.444582971755"
"31-Jan-06","244.54204","189.11901260069"
"30-Jan-06","244.13396","188.847887135267"
"27-Jan-06","238.74522","185.267646396835"
"26-Jan-06","231.7139","180.596087125289"
"25-Jan-06","234.21078","182.254996535462"
"24-Jan-06","240.35153","186.334867398507"
"23-Jan-06","244.35051","188.991761423488"
"20-Jan-06","239.46474","185.745690395268"
"19-Jan-06","228.80875","178.665926015037"
"18-Jan-06","229.82106","179.338497618403"
"17-Jan-06","225.71373","176.609616619842"
"13-Jan-06","218.63701","171.907893909435"
"12-Jan-06","221.38936","173.736535780527"
"11-Jan-06","221.2527","173.645739843199"
"10-Jan-06","226.41426","177.075043796602"
"9-Jan-06","230.92426","180.071455894853"
"6-Jan-06","233.12868","181.536056949759"
"5-Jan-06","234.61438","182.523145520574"
"4-Jan-06","234.91454","182.722569701374"
"3-Jan-06","233.26372","181.625776570546"
"30-Dec-05","224.71126","175.943582642872"
"29-Dec-05","215.3206","169.704494564256"
"28-Dec-05","208.34221","165.068101610306"
"27-Dec-05","211.71428","167.308481065771"
"23-Dec-05","221.03192","173.499055172899"
"22-Dec-05","225.10954","176.208197057616"
"21-Dec-05","222.68465","174.597117294217"
"20-Dec-05","218.60332","171.885510511744"
"19-Dec-05","223.74028","175.298470399156"
"16-Dec-05","227.92912","178.081506065151"
"15-Dec-05","238.49208","185.099461971436"
"14-Dec-05","240.48918","186.426321084832"
"13-Dec-05","233.41127","181.723807746843"
"12-Dec-05","225.38692","176.392486367552"
"9-Dec-05","227.9623","178.103550622451"
"8-Dec-05","225.8578","176.705335708755"
"7-Dec-05","226.89925","177.397267721997"
"6-Dec-05","230.51582","179.800091247978"
"5-Dec-05","233.82864","182.001105422551"
"2-Dec-05","225.94435","176.762838916538"
"1-Dec-05","218.1542","171.58711836062"
"30-Nov-05","200.24829","159.690558415122"
"29-Nov-05","204.55527","162.552085461447"
"28-Nov-05","209.52684","165.855161402756"
"25-Nov-05","220.12502","172.89651722791"
"23-Nov-05","220.12502","172.89651722791"
"22-Nov-05","220.9626","173.452999455238"
"21-Nov-05","219.07704","172.200246728857"
"18-Nov-05","216.52542","170.504968449891"
"17-Nov-05","220.8119","173.352875441224"
"16-Nov-05","217.14977","170.919782173515"
"15-Nov-05","218.85695","172.054020489677"
"14-Nov-05","223.87175","175.385818137196"
"11-Nov-05","224.23064","175.624262114566"
"10-Nov-05","228.37639","178.378669089361"
"9-Nov-05","231.4543","180.423610721584"
"8-Nov-05","229.98306","179.446129272487"
"7-Nov-05","229.56189","179.166306903657"
"4-Nov-05","237.36627","184.351481770919"
"3-Nov-05","235.49522","183.1083693859"
"2-Nov-05","232.89983","181.384010628543"
"1-Nov-05","236.81996","183.988517271274"
"31-Oct-05","245.8576","189.993061358999"
"28-Oct-05","251.91476","194.017395617323"
"27-Oct-05","252.43628","194.363889816321"
"26-Oct-05","249.71083","192.553120114951"
"25-Oct-05","240.35495","186.337139622316"
"24-Oct-05","239.01869","185.449337930429"
"21-Oct-05","245.3816","189.676810326013"
"20-Oct-05","249.56602","192.456909375273"
"19-Oct-05","255.36836","196.311943028081"
"18-Oct-05","263.02637","201.3998707027"
"17-Oct-05","265.07095","202.758275192243"
"14-Oct-05","264.2076","202.1846715592"
"13-Oct-05","269.65488","205.803805859546"
"12-Oct-05","272.60886","207.766409276396"
"11-Oct-05","267.9132","204.646645987422"
"10-Oct-05","261.21933","200.199286108903"
"7-Oct-05","261.46075","200.359683849204"
"6-Oct-05","265.81775","203.25444382971"
"5-Oct-05","276.81882","210.563476920997"
"4-Oct-05","278.48373","211.669631348159"
"3-Oct-05","288.99063","218.650341386987"
"30-Sep-05","292.27872","220.83492512449"
"29-Sep-05","295.20248","222.777450587102"
"28-Sep-05","290.45016","219.620042794916"
"27-Sep-05","279.6061","212.415326037009"
"26-Sep-05","260.89212","199.981890099442"
"23-Sep-05","269.0413","205.39614764774"
"22-Sep-05","277.5355","211.039634043519"
"21-Sep-05","275.24625","209.518672536663"
"20-Sep-05","270.81192","206.572535051156"
"19-Sep-05","255.56538","196.442841722449"
"16-Sep-05","247.73582","191.2409374413"
"15-Sep-05","254.61026","195.808266750546"
"14-Sep-05","247.0974","190.816775709201"
"13-Sep-05","238.3218","184.986329143921"
"12-Sep-05","245.71495","189.898285708042"
"9-Sep-05","255.77695","196.583407333896"
"8-Sep-05","260.32993","199.608375040126"
"7-Sep-05","272.2708","207.541804603683"
"6-Sep-05","281.80566","213.876698142293"
"2-Sep-05","296.32132","223.520799968922"
"1-Sep-05","291.14035","220.078600148817"
"31-Aug-05","284.3154","215.5441516455"
"30-Aug-05","265.33685","202.934937271384"
"29-Aug-05","261.8116","200.592786107446"
"26-Aug-05","244.45409","189.060579242809"
"25-Aug-05","245.83174","189.975880157921"
"24-Aug-05","240.29816","186.299408748023"
"23-Aug-05","236.34056","183.670007302338"
"22-Aug-05","238.92567","185.387536100411"
"19-Aug-05","238.57161","185.152301140876"
"18-Aug-05","233.04881","181.482991886725"
"17-Aug-05","239.52263","185.78415210178"
"16-Aug-05","247.00783","190.75726603478"
"15-Aug-05","249.8015","192.613360621591"
"12-Aug-05","253.79341","195.265557388582"
"11-Aug-05","244.86592","189.334196181705"
"10-Aug-05","234.35733","182.352363318832"
"9-Aug-05","232.02534","180.8030056583"
"8-Aug-05","228.27948","178.31428277086"
"5-Aug-05","220.68532","173.268776584595"
"4-Aug-05","216.80814","170.692805618054"
"3-Aug-05","219.14384","172.244628176344"
"2-Aug-05","219.4425","172.443055767755"
"1-Aug-05","215.86812","170.068262979341"
"29-Jul-05","213.20695","168.300200455283"
"28-Jul-05","204.24779","162.347797924425"
"27-Jul-05","201.28319","160.378138654697"
"26-Jul-05","201.23988","160.349363797053"
"25-Jul-05","195.43239","156.490908520673"
"22-Jul-05","194.61417","155.9472889404"
"21-Jul-05","195.9506","156.835203579084"
"20-Jul-05","203.66527","161.960775756914"
"19-Jul-05","205.90326","163.447680482361"
"18-Jul-05","205.20479","162.98362195503"
"15-Jul-05","211.4884","167.158407991547"
"14-Jul-05","213.31406","168.371363581634"
"13-Jul-05","221.5612","173.850705061006"
"12-Jul-05","220.36748","173.057605936855"
"11-Jul-05","213.21068","168.302678640898"
"8-Jul-05","226.54439","177.16150124812"
"7-Jul-05","227.35152","177.697752710839"
"6-Jul-05","229.5944","179.187906317696"
"5-Jul-05","223.55351","175.174381732285"
"1-Jul-05","212.62465","167.913324454216"
"30-Jun-05","206.00426","163.514784167932"
"29-Jun-05","200.44817","159.82335727326"
"28-Jun-05","205.96638","163.489616963878"
"27-Jun-05","211.64247","167.260771009723"
"24-Jun-05","210.09596","166.233280705052"
"23-Jun-05","207.7328","164.663213917003"
"22-Jun-05","204.12762","162.267957826455"
"21-Jun-05","206.44916","163.810372580906"
"20-Jun-05","208.89629","165.436228442988"
"17-Jun-05","207.6812","164.628931241999"
"16-Jun-05","201.98965","160.847505681511"
"15-Jun-05","206.16884","163.624129955766"
"14-Jun-05","208.74403","165.335067976008"
"13-Jun-05","204.85641","162.752160747316"
"10-Jun-05","203.21133","161.659181231886"
"9-Jun-05","197.12932","157.618336809339"
"8-Jun-05","195.40042","156.469667878815"
"7-Jun-05","200.30371","159.727379071106"
"6-Jun-05","199.81418","159.402138801825"
"3-Jun-05","193.84409","155.435653235606"
"2-Jun-05","189.75069","152.71602723051"
"1-Jun-05","179.85063","146.138497395164"
"31-May-05","169.61555","139.338382641602"
"27-May-05","171.8725","140.837884256934"
"26-May-05","169.65573","139.365077949386"
"25-May-05","164.4374","135.898056409549"
"24-May-05","159.3495","132.517691639107"
"23-May-05","155.79417","130.155555535942"
"20-May-05","160.15923","133.055670523435"
"19-May-05","159.80354","132.819352603429"
"18-May-05","158.67583","132.070110056351"
"17-May-05","156.00465","130.295396959099"
"16-May-05","153.8217","128.845060420324"
"13-May-05","157.50404","131.291581069076"
"12-May-05","160.0533","132.985291380737"
"11-May-05","167.78607","138.122889070536"
"10-May-05","173.34392","141.815485296758"
"9-May-05","168.53758","138.622186998686"
"6-May-05","169.93541","139.550895363053"
"5-May-05","171.76796","140.768428620404"
"4-May-05","171.5572","140.628401167227"
"3-May-05","171.34123","140.484912226903"
"2-May-05","169.47438","139.244590292176"
"29-Apr-05","172.26085","141.095901249917"
"28-Apr-05","173.75758","142.09031807471"
"27-Apr-05","180.51045","146.576877135889"
"26-Apr-05","181.82986","147.453483806965"
"25-Apr-05","187.89842","151.485392144651"
"22-Apr-05","188.61467","151.961263578214"
"21-Apr-05","182.68596","148.022270591292"
"20-Apr-05","180.66302","146.678243564676"
"19-Apr-05","176.11594","143.657195776713"
"18-Apr-05","171.66075","140.69719905476"
"15-Apr-05","174.3542","142.486708182484"
"14-Apr-05","174.41011","142.523854391001"
"13-Apr-05","171.6791","140.70939066496"
"12-Apr-05","176.85423","144.147710430375"
"11-Apr-05","176.7741","144.094472625179"
"8-Apr-05","181.51082","147.241515887713"
"7-Apr-05","192.8762","154.792593966033"
"6-Apr-05","199.17433","158.977026987841"
"5-Apr-05","205.32451","163.063163076183"
"4-Apr-05","209.80865","166.042393973356"
"1-Apr-05","205.4233","163.128798453386"
"31-Mar-05","199.53056","159.213703680028"
"30-Mar-05","186.25807","150.395555207762"
"29-Mar-05","182.96846","148.209961593011"
"28-Mar-05","187.82402","151.435961310923"
"24-Mar-05","188.89775","152.149339927831"
"23-Mar-05","185.8105","150.098192865675"
"22-Mar-05","192.31541","154.420009056813"
"21-Mar-05","194.13277","155.627450185611"
"18-Mar-05","196.14165","156.962135847681"
"17-Mar-05","198.53127","158.549782472564"
"16-Mar-05","192.43242","154.497749673136"
"15-Mar-05","188.07655","151.603740456638"
"14-Mar-05","185.51756","149.903565601803"
"11-Mar-05","184.26057","149.068430337196"
"10-Mar-05","182.85283","148.133137838927"
"9-Mar-05","187.3253","151.104615270649"
"8-Mar-05","181.74687","147.398345838"
"7-Mar-05","177.55994","144.616579162494"
"4-Mar-05","177.55994","144.616579162494"
"3-Mar-05","180.80878","146.775085477634"
"2-Mar-05","178.21344","145.050759939924"
"1-Mar-05","170.91519","140.201854264522"
"28-Feb-05","172.04817","140.954598162322"
"25-Feb-05","168.1086","138.337175721101"
"24-Feb-05","178.8088","145.44631291261"
"23-Feb-05","171.68329","140.712174471322"
"22-Feb-05","164.7838","136.128202119268"
"18-Feb-05","150.99834","126.969240007526"
"17-Feb-05","150.74416","126.800364613483"
"16-Feb-05","148.5754","125.359455810334"
"15-Feb-05","145.11899","123.063041455452"
"14-Feb-05","146.30116","123.848466841304"
"11-Feb-05","148.00731","124.982020832752"
"10-Feb-05","145.6142","123.392055476556"
"9-Feb-05","137.61761","118.079177644903"
"8-Feb-05","133.9323","115.630683749159"
"7-Feb-05","135.5774","116.723676552448"
"4-Feb-05","142.26166","121.164651614943"
"3-Feb-05","141.60158","120.726099132058"
"2-Feb-05","147.64848","124.743616718957"
"1-Feb-05","151.11002","127.043439409551"
"31-Jan-05","147.903","124.912718006595"
"28-Jan-05","155.7411","130.120296203336"
"27-Jan-05","165.15376","136.374000926334"
"26-Jan-05","165.06209","136.313096026767"
"25-Jan-05","165.34651","136.502062662906"
"24-Jan-05","162.92104","134.89059755161"
"21-Jan-05","158.38808","131.878930991768"
"20-Jan-05","151.82933","127.52134388547"
"19-Jan-05","153.64235","128.725901548967"
"18-Jan-05","157.60127","131.356179993314"
"14-Jan-05","152.93394","128.255238955946"
"13-Jan-05","150.16722","126.417049758502"
"12-Jan-05","144.15132","122.420128352323"
"11-Jan-05","143.74939","122.153088903398"
"10-Jan-05","147.11128","124.386704838873"
"7-Jan-05","139.3452","119.226976220694"
"6-Jan-05","136.23833","117.162793769321"
"5-Jan-05","131.43437","113.971076726413"
"4-Jan-05","131.49086","114.008608282828"
"3-Jan-05","126.43082","110.646753499317"
"30-Dec-04","134.14473","115.771820738523"
"29-Dec-04","134.46007","115.981330403947"
"28-Dec-04","133.32358","115.226254486975"
"27-Dec-04","137.24913","117.834362139368"
"23-Dec-04","152.72609","128.117144886185"
"22-Dec-04","159.8401","132.843642808819"
"21-Dec-04","162.75336","134.779192145704"
"20-Dec-04","164.70428","136.075369593757"
"17-Dec-04","167.73561","138.089363803467"
"16-Dec-04","160.34665","133.180191045708"
"15-Dec-04","152.01654","127.645724885229"
"14-Dec-04","143.30115","121.85528141805"
"13-Dec-04","136.6038","117.405609452147"
"10-Dec-04","141.51686","120.66981176333"
"9-Dec-04","142.7397","121.4822580095"
"8-Dec-04","132.56636","114.723162875215"
"7-Dec-04","133.66678","115.45427413933"
"6-Dec-04","137.73402","118.15651962547"
"3-Dec-04","134.44904","115.974002149968"
"2-Dec-04","142.06169","121.031792961443"
"1-Dec-04","158.78058","132.139705215396"
"30-Nov-04","166.5981","137.333610205711"
"29-Nov-04","172.29225","141.116763187808"
"26-Nov-04","170.15634","139.697679692292"
"24-Nov-04","169.67532","139.378093406815"
"23-Nov-04","173.15715","141.691396629887"
"22-Nov-04","175.4005","143.181862501419"
"19-Nov-04","172.95052","141.554113119496"
"18-Nov-04","165.77026","136.783599165486"
"17-Nov-04","156.06358","130.334549634255"
"16-Nov-04","153.56526","128.674683498267"
"15-Nov-04","151.58508","127.359065913186"
"12-Nov-04","156.21852","130.437490674277"
"11-Nov-04","158.38512","131.876964388706"
"10-Nov-04","157.40486","131.225686578632"
"9-Nov-04","154.54456","129.325323491131"
"8-Nov-04","156.82579","130.840956566718"
"5-Nov-04","158.03055","131.641390588777"
"4-Nov-04","163.65483","135.378122437103"
"3-Nov-04","163.4566","135.246419827295"
"2-Nov-04","163.546","135.305816554919"
"1-Nov-04","171.60735","140.661720472488"
"29-Oct-04","173.21535","141.730064298206"
"28-Oct-04","177.28044","144.430881339554"
"27-Oct-04","189.70389","152.684933641553"
"26-Oct-04","190.80128","153.414031795101"
"25-Oct-04","195.99834","156.866921697393"
"22-Oct-04","197.02943","157.551970599917"
"21-Oct-04","192.9696","154.854648265362"
"20-Oct-04","186.35484","150.459848511254"
"19-Oct-04","180.33571","146.460781115922"
"18-Oct-04","185.52388","149.907764565098"
"15-Oct-04","187.4544","151.190388397452"
"14-Oct-04","183.62561","148.646567404622"
"13-Oct-04","174.28752","142.442406462148"
"12-Oct-04","175.70125","143.381678674047"
"11-Oct-04","173.81343","142.127424419652"
"8-Oct-04","169.68283","139.383082997693"
"7-Oct-04","168.4981","138.59595676595"
"6-Oct-04","163.90802","135.546340082149"
"5-Oct-04","163.57648","135.326067251317"
"4-Oct-04","160.47322","133.264283258408"
"1-Oct-04","160.27168","133.130381508013"
"30-Sep-04","160.2647","133.125744045386"
"29-Sep-04","158.10876","131.693352759554"
"28-Sep-04","158.33237","131.841917661836"
"27-Sep-04","157.44896","131.254986306688"
"24-Sep-04","153.53238","128.652838258846"
"23-Sep-04","152.29445","127.830366323416"
"22-Sep-04","148.40118","125.243705274689"
"21-Sep-04","143.20845","121.793692193769"
"20-Sep-04","139.09248","119.059070840324"
"17-Sep-04","136.46004","117.310096325042"
"16-Sep-04","128.21667","111.833259607002"
"15-Sep-04","131.31155","113.889475987187"
"14-Sep-04","132.22862","114.498770808239"
"13-Sep-04","128.62428","112.104072807749"
"10-Sep-04","128.13869","111.781450246598"
"9-Sep-04","126.50421","110.695513296188"
"8-Sep-04","121.020836","107.052398397555"
"7-Sep-04","120.984535","107.028280269932"
"3-Sep-04","124.26821","109.209930712665"
"2-Sep-04","126.41139","110.633844344756"
"1-Sep-04","119.337166","105.933779959093"
"31-Aug-04","114.25506","102.557264681268"
"30-Aug-04","118.55619","105.414905028973"
"27-Aug-04","117.54388","104.742333425607"
"26-Aug-04","116.07594","103.767044473166"
"25-Aug-04","123.59318","108.761445555529"
"24-Aug-04","127.46897","111.336493015902"
"23-Aug-04","132.35397","114.582052461569"
"20-Aug-04","137.65898","118.10666358027"
"19-Aug-04","136.60497","117.406386791871"
"18-Aug-04","131.81084","114.22120073143"
"17-Aug-04","129.26564","112.530187855052"
"16-Aug-04","129.736","112.842691711933"
"13-Aug-04","128.48949","112.014519285194"
"12-Aug-04","124.51424","109.373391304357"
"11-Aug-04","120.38831","106.632152597365"
"10-Aug-04","123.702446","108.83404111303"
"9-Aug-04","125.09505","109.759277359964"
"6-Aug-04","123.65308","108.801242691823"
"5-Aug-04","123.57829","108.751552744855"
"4-Aug-04","122.84842","108.266632279633"
"3-Aug-04","123.10183","108.434996091122"
"2-Aug-04","121.351494","107.272085233826"
"30-Jul-04","119.47225","106.023528813169"
"29-Jul-04","117.473366","104.695484422792"
"28-Jul-04","117.827034","104.9304589403"
"27-Jul-04","114.67209","102.834336463382"
"26-Jul-04","114.20589","102.524596481074"
"23-Jul-04","114.868904","102.965098292806"
"22-Jul-04","109.03062","99.0861837006497"
"21-Jul-04","108.60514","98.8034977983074"
"20-Jul-04","110.93064","100.348543548747"
"19-Jul-04","110.65992","100.168679095701"
"16-Jul-04","111.885155","100.982716562929"
"15-Jul-04","109.32192","99.2797213601222"
"14-Jul-04","105.89002","96.9995912758677"
"13-Jul-04","105.954094","97.0421615882364"
"12-Jul-04","109.72555","99.5478902770217"
"9-Jul-04","109.687645","99.5227064631449"
"8-Jul-04","108.74978","98.8995955911879"
"7-Jul-04","108.30897","98.6067245452832"
"6-Jul-04","109.59724","99.46264202063"
"2-Jul-04","108.09812","98.466637296743"
"1-Jul-04","101.91979","94.3617985475219"
"30-Jun-04","96.746025","90.9243856784514"
"29-Jun-04","97.1427","91.1879337425476"
"28-Jun-04","99.02096","92.4358364005656"
"25-Jun-04","100.511505","93.4261439551083"
"24-Jun-04","100.60148","93.4859227086648"
"23-Jun-04","101.116356","93.8280026810593"
"22-Jun-04","99.11298","92.4969738376567"
"21-Jun-04","102.9884","95.0717754726465"
"18-Jun-04","102.93657","95.0373399872691"
"17-Jun-04","99.45755","92.7259037083207"
"16-Jun-04","98.1482","91.8559808300845"
"15-Jun-04","100.56677","93.4628616301881"
"14-Jun-04","100.14497","93.182620693815"
"10-Jun-04","98.47445","92.072739022336"
"9-Jun-04","95.18917","89.8900222289564"
"8-Jun-04","99.55972","92.7937847336152"
"7-Jun-04","97.34799","91.3243269664168"
"4-Jun-04","98.59489","92.1527585063967"
"3-Jun-04","101.77122","94.2630896904405"
"2-Jun-04","106.124794","97.15557346078"
"1-Jun-04","103.1383","95.1713679723201"
"28-May-04","99.129974","92.5082645310487"
"27-May-04","99.6105","92.8275226064199"
"26-May-04","103.04587","95.1099581341291"
"25-May-04","103.93723","95.702171413042"
"24-May-04","101.05271","93.785716728863"
"21-May-04","102.4754","94.730941901382"
"20-May-04","104.54822","96.1081088471685"
"19-May-04","100.79311","93.6132403251588"
"18-May-04","102.382675","94.6693360672778"
"17-May-04","103.41659","95.3562618798195"
"14-May-04","105.40014","96.6741184690625"
"13-May-04","103.4956","95.4087555649376"
"12-May-04","101.38554","94.0068466265706"
"11-May-04","98.041794","91.7852854363536"
"10-May-04","99.05039","92.4553894843907"
"7-May-04","101.396736","94.014285169775"
"6-May-04","100.26705","93.263729782275"
"5-May-04","98.40218","92.0247233455421"
"4-May-04","97.48201","91.4133689064185"
"3-May-04","94.58478","89.4884697881444"
"30-Apr-04","94.30166","89.3003668628103"
"29-Apr-04","92.87769","88.3542912673454"
"28-Apr-04","93.71444","88.9102220485453"
"27-Apr-04","94.23502","89.2560917181923"
"26-Apr-04","91.9955","87.768170471568"
"23-Apr-04","92.599464","88.1694398809933"
"22-Apr-04","90.87907","87.026422276701"
"21-Apr-04","91.83442","87.6611500589768"
"20-Apr-04","93.3193","88.6476938275913"
"19-Apr-04","96.50299","90.7629149435737"
"16-Apr-04","96.50347","90.7632338521784"
"15-Apr-04","93.92483","89.0500036763394"
"14-Apr-04","92.049675","87.804163958358"
"13-Apr-04","93.88879","89.0260589552704"
"12-Apr-04","93.287186","88.6263575131515"
"8-Apr-04","91.80135","87.6391785848994"
"7-Apr-04","87.56219","84.8227106668458"
"6-Apr-04","85.4805","83.4396505558018"
"5-Apr-04","85.15902","83.2260615178094"
"2-Apr-04","81.8865","81.0518223781712"
"1-Apr-04","89.275","85.960689515184"
"31-Mar-04","88.51163","85.4535118869264"
"30-Mar-04","90.14745","86.5403391238579"
"29-Mar-04","87.61643","84.858747339176"
"26-Mar-04","87.61808","84.8598435875046"
"25-Mar-04","89.45557","86.0806589459115"
"24-Mar-04","92.51761","88.1150566623924"
"23-Mar-04","90.29409","86.6377657025913"
"22-Mar-04","92.15338","87.8730648267946"
"19-Mar-04","95.136795","89.855224649434"
"18-Mar-04","94.98574","89.7548647759304"
"17-Mar-04","91.84954","87.6711956800247"
"16-Mar-04","90.66688","86.8854447416394"
"15-Mar-04","88.28602","85.3036181987919"
"12-Mar-04","87.745636","84.9445908916298"
"11-Mar-04","88.32308","85.3282406006458"
"10-Mar-04","87.511925","84.7893149563982"
"9-Mar-04","89.84383","86.3386161435317"
"8-Mar-04","92.51013","88.1100870033026"
"5-Mar-04","92.68609","88.2269935826393"
"4-Mar-04","90.18923","86.5680974603246"
"3-Mar-04","93.095894","88.4992644614667"
"2-Mar-04","94.38737","89.3573119805356"
"1-Mar-04","93.362785","88.6765849539976"
"27-Feb-04","92.15107","87.8715300791345"
"26-Feb-04","91.50518","87.4424053318752"
"25-Feb-04","88.21238","85.2546923036888"
"24-Feb-04","89.07624","85.8286347771245"
"23-Feb-04","89.24764","85.9425117247166"
"20-Feb-04","92.14584","87.8680553041293"
"19-Feb-04","92.787895","88.2946321045156"
"18-Feb-04","94.01185","89.1078191487983"
"17-Feb-04","93.64878","88.8665980089952"
"13-Feb-04","92.47633","88.0876305223889"
"12-Feb-04","90.88459","87.0300897256549"
"11-Feb-04","88.250305","85.2798894054241"
"10-Feb-04","89.00912","85.7840407239017"
"9-Feb-04","86.95724","84.420786165995"
"6-Feb-04","87.78519","84.9708702894422"
"5-Feb-04","87.092674","84.5107675575947"
"4-Feb-04","92.2407","87.9310796171315"
"3-Feb-04","93.28114","88.6223405935183"
"2-Feb-04","90.50721","86.7793611230745"
"30-Jan-04","92.73118","88.2569510596925"
"29-Jan-04","93.60709","88.8388994678918"
"28-Jan-04","97.001076","91.0938397587333"
"27-Jan-04","97.81303","91.6332962529291"
"26-Jan-04","100.6691","93.5308489583508"
"23-Jan-04","100.865135","93.6610932256858"
"22-Jan-04","101.83746","94.307099077888"
"21-Jan-04","101.26591","93.9273653007804"
"20-Jan-04","99.27147","92.6022734725684"
"16-Jan-04","94.18481","89.2227325493556"
"15-Jan-04","99.46363","92.7299432173134"
"14-Jan-04","98.259384","91.929850693218"
"13-Jan-04","101.220665","93.8973048428235"
"12-Jan-04","99.44243","92.7158580872729"
"9-Jan-04","100.16346","93.1949053190249"
"8-Jan-04","96.27841","90.6137055801535"
"7-Jan-04","97.76034","91.5982893896349"
"6-Jan-04","97.99696","91.7554980438895"
"5-Jan-04","94.03994","89.126481946102"
"31-Dec-03","93.52491","88.7842996571969"
"30-Dec-03","90.373436","86.6904826237327"
"29-Dec-03","90.22406","86.5912382659525"
"24-Dec-03","90.23526","86.5986794667287"
"23-Dec-03","88.358826","85.3519899901944"
"22-Dec-03","92.23187","87.925213027591"
"19-Dec-03","96.31302","90.6367002193376"
"18-Dec-03","94.38765","89.357498010555"
"17-Dec-03","92.031555","87.7921251585309"
"16-Dec-03","91.61983","87.5185779808918"
"15-Dec-03","90.762825","86.9491899209668"
"12-Dec-03","89.70843","86.2486573412915"
"11-Dec-03","88.48906","85.4385165385766"
"10-Dec-03","90.25863","86.6142063294196"
"9-Dec-03","89.921646","86.3903165434957"
"8-Dec-03","87.51204","84.7893913615847"
"5-Dec-03","88.39016","85.3728080781515"
"4-Dec-03","85.67608","83.5695925243552"
"3-Dec-03","85.35","83.3529472789012"
"2-Dec-03","84.61418","82.8640736757671"
"1-Dec-03","82.563515","81.5016263552659"
"26-Nov-03","82.769325","81.6383650634569"
"25-Nov-03","82.31333","81.3354052109642"
"24-Nov-03","86.01804","83.7967883294812"
"21-Nov-03","87.96766","85.09210206673"
"20-Nov-03","90.485886","86.765193608311"
"19-Nov-03","89.45147","86.0779349349131"
"18-Nov-03","85.423134","83.4015369911836"
"17-Nov-03","86.70774","84.2550201308479"
"14-Nov-03","87.16396","84.558129471749"
"13-Nov-03","84.57911","82.8407734158368"
"12-Nov-03","84.135","82.5457098732748"
"11-Nov-03","83.21036","81.93138559777"
"10-Nov-03","83.61538","82.2004780208373"
"7-Nov-03","83.11476","81.8678696340022"
"6-Nov-03","82.58022","81.5127250391022"
"5-Nov-03","77.96946","78.4493687095828"
"4-Nov-03","77.812904","78.3453540105909"
"3-Nov-03","80.18404","79.9207199966216"
"31-Oct-03","78.12424","78.5522034467375"
"30-Oct-03","78.22848","78.6214597653897"
"29-Oct-03","81.31496","80.6720952449928"
"28-Oct-03","80.89192","80.391030461391"
"27-Oct-03","81.79986","80.9942593750243"
"24-Oct-03","83.96639","82.4336865819475"
"23-Oct-03","81.613205","80.8702471133393"
"22-Oct-03","84.43899","82.7476786789838"
"21-Oct-03","83.8686","82.3687155976708"
"20-Oct-03","82.64272","81.5542495970047"
"17-Oct-03","84.249825","82.6219987910535"
"16-Oct-03","87.24243","84.6102643846869"
"15-Oct-03","86.88883","84.3753350458971"
"14-Oct-03","87.20022","84.5822203592618"
"13-Oct-03","87.732994","84.9361916362537"
"10-Oct-03","86.71729","84.2613650832954"
"9-Oct-03","82.33176","81.3476499725985"
"8-Oct-03","81.65448","80.8976699313782"
"7-Oct-03","80.975586","80.4466175599747"
"6-Oct-03","82.34499","81.3564398910153"
"3-Oct-03","80.42328","80.0796693603435"
"2-Oct-03","80.98401","80.452214405987"
"1-Oct-03","78.3829","78.7240553210908"
"30-Sep-03","76.58704","77.5308986402116"
"29-Sep-03","76.47387","77.4557092927263"
"26-Sep-03","75.09137","76.5371860719209"
"25-Sep-03","75.858696","77.0469920385955"
"24-Sep-03","73.401985","75.4147706278846"
"23-Sep-03","71.40461","74.0877288064335"
"22-Sep-03","70.285065","73.3439110276006"
"19-Sep-03","70.740326","73.6463832156853"
"18-Sep-03","70.53985","73.513188379364"
"17-Sep-03","73.044304","75.1771299015621"
"16-Sep-03","73.808174","75.6846397262829"
"15-Sep-03","74.82102","76.3575674442575"
"12-Sep-03","74.195694","75.9421052731375"
"11-Sep-03","77.450066","78.1042870099467"
"10-Sep-03","76.19131","77.2679784274309"
"9-Sep-03","76.53695","77.4976191985262"
"8-Sep-03","77.07435","77.8546639571958"
"5-Sep-03","76.33395","77.3627474344586"
"4-Sep-03","77.13462","77.8947069188725"
"3-Sep-03","76.61711","77.5508769355097"
"2-Sep-03","81.81991","81.0075804531994"
"29-Aug-03","83.6542","82.2262697542418"
"28-Aug-03","82.25065","81.2937610623348"
"27-Aug-03","82.3761","81.3771091549569"
"26-Aug-03","82.206474","81.2644108404164"
"25-Aug-03","83.60612","82.1943257423385"
"22-Aug-03","82.72697","81.6102247010574"
"21-Aug-03","81.738716","80.9536357339299"
"20-Aug-03","79.07296","79.182526303911"
"19-Aug-03","79.82092","79.6794656371722"
"18-Aug-03","81.301796","80.6633491765091"
"15-Aug-03","82.30228","81.328063669127"
"14-Aug-03","80.176704","79.9158460101132"
"13-Aug-03","83.30335","81.9931674959998"
"12-Aug-03","82.47631","81.4436879701156"
"11-Aug-03","83.37012","82.0375290116983"
"8-Aug-03","84.89617","83.0514258370943"
"7-Aug-03","83.39394","82.0533548512061"
"6-Aug-03","85.09882","83.1860650636376"
"5-Aug-03","84.6895","82.9141157509866"
"4-Aug-03","84.36884","82.7010715151939"
"1-Aug-03","80.77144","80.3109844016133"
"31-Jul-03","80.681206","80.2510335702888"
"30-Jul-03","78.36497","78.7121427559197"
"29-Jul-03","77.95069","78.4368980543535"
"28-Jul-03","77.363434","78.0467293219432"
"25-Jul-03","77.789024","78.3294883075075"
"24-Jul-03","76.58836","77.5317756388745"
"23-Jul-03","76.15811","77.2459205822731"
"22-Jul-03","79.31669","79.3444587918726"
"21-Jul-03","78.94461","79.0972514718023"
"18-Jul-03","79.07296","79.182526303911"
"17-Jul-03","79.44686","79.4309428191075"
"16-Jul-03","81.424126","80.7446243632007"
"15-Jul-03","80.3767","80.0487219378298"
"14-Jul-03","80.49827","80.1294921858973"
"11-Jul-03","81.2636","80.6379720242908"
"10-Jul-03","81.06074","80.5031932752329"
"9-Jul-03","78.077965","78.5214586640664"
"8-Jul-03","76.37004","77.3867253751738"
"7-Jul-03","77.4754","78.1211187403452"
"3-Jul-03","79.77997","79.6522587468344"
"2-Jul-03","78.59355","78.8640096910457"
"1-Jul-03","78.085236","78.5262894650345"
"30-Jun-03","76.93391","77.7613566146064"
"27-Jun-03","75.85775","77.0463635228871"
"26-Jun-03","77.62498","78.2204986342823"
"25-Jun-03","75.17429","76.5922775333814"
"24-Jun-03","74.91111","76.4174226030006"
"23-Jun-03","75.65106","76.9090401489209"
"20-Jun-03","74.872826","76.3919869842047"
"19-Jun-03","73.630356","75.5664987048889"
"18-Jun-03","74.52738","76.1624751053372"
"17-Jun-03","74.42378","76.0936439981578"
"16-Jun-03","75.295555","76.6728451416064"
"13-Jun-03","74.73814","76.302502558514"
"12-Jun-03","78.643715","78.8973389622006"
"11-Jun-03","78.39446","78.7317357033205"
"10-Jun-03","77.294174","78.0007134678579"
"9-Jun-03","77.96803","78.448418627698"
"6-Jun-03","76.92024","77.7522743633019"
"5-Jun-03","75.3567","76.7134694470936"
"4-Jun-03","77.37992","78.0576825037285"
"3-Jun-03","76.5362","77.4971209038313"
"2-Jun-03","75.941475","77.1019898206534"
"30-May-03","74.577","76.1954422823472"
"29-May-03","72.01897","74.4959052447221"
"28-May-03","74.17125","75.9258648524436"
"27-May-03","74.70756","76.2821854228234"
"23-May-03","75.43981","76.7686871432102"
"22-May-03","73.78593","75.6698609700271"
"21-May-03","74.40699","76.0824888409229"
"20-May-03","72.71988","74.9615848907942"
"19-May-03","72.97294","75.1297161647595"
"16-May-03","75.632706","76.896845881149"
"15-May-03","76.83298","77.6942994365406"
"14-May-03","74.10177","75.8797028319144"
"13-May-03","71.63193","74.2387586064722"
"12-May-03","73.131065","75.2347732962531"
"9-May-03","71.458534","74.123555530599"
"8-May-03","69.20164","72.6240911212708"
"7-May-03","67.78934","71.6857689912575"
"6-May-03","69.672935","72.937216185538"
"5-May-03","68.2582","71.9972762587488"
"2-May-03","69.64969","72.9217723719629"
"1-May-03","69.291954","72.6840951040294"
"30-Apr-03","67.92242","71.7741864019083"
"29-Apr-03","67.35545","71.3974955444038"
"28-Apr-03","69.123795","72.5723714539119"
"25-Apr-03","70.82058","73.6997034056039"
"24-Apr-03","70.2795","73.340213680965"
"23-Apr-03","78.104126","78.538839847415"
"22-Apr-03","79.00501","79.1373808045593"
"21-Apr-03","77.35219","78.0392588878783"
"17-Apr-03","76.77994","77.6590600357222"
"16-Apr-03","77.86912","78.3827035233437"
"15-Apr-03","75.34501","76.7057026937835"
"14-Apr-03","73.65446","75.5825132319879"
"11-Apr-03","71.12024","73.8987953899414"
"10-Apr-03","73.68582","75.6033485941611"
"9-Apr-03","72.39056","74.7427870122585"
"8-Apr-03","72.30065","74.6830514442422"
"7-Apr-03","71.666695","74.26185622656"
"4-Apr-03","71.042725","73.8472949722483"
"3-Apr-03","71.5747","74.200735399292"
"2-Apr-03","71.98933","74.4762126383824"
"1-Apr-03","76.62533","77.5563382453651"
"31-Mar-03","77.47588","78.1214376489499"
"28-Mar-03","76.91103","77.7461553044494"
"27-Mar-03","75.123085","76.558257293583"
"26-Mar-03","74.58427","76.2002724189224"
"25-Mar-03","79.28767","79.3251781091473"
"24-Mar-03","78.33564","78.6926561113872"
"21-Mar-03","79.61991","79.5459160150282"
"20-Mar-03","83.11442","81.8676437404072"
"19-Mar-03","85.77817","83.6374203982157"
"18-Mar-03","87.14303","84.5442237277986"
"17-Mar-03","95.294846","89.960232615851"
"14-Mar-03","93.53042","88.7879604622216"
"13-Mar-03","102.0395","94.4413330247462"
"12-Mar-03","103.358","95.3173350982593"
"11-Mar-03","107.75923","98.2414811779013"
"10-Mar-03","111.15878","100.500118150985"
"7-Mar-03","106.61228","97.4794557109193"
"6-Mar-03","104.74558","96.239233435131"
"5-Mar-03","104.76358","96.2511925078069"
"4-Mar-03","106.0216","97.0870120971288"
"3-Mar-03","105.24614","96.5718019583905"
"28-Feb-03","106.56696","97.4493454234929"
"27-Feb-03","106.47401","97.3875901009802"
"26-Feb-03","116.33014","103.935933155068"
"25-Feb-03","120.3071","106.578197247809"
"24-Feb-03","116.84568","104.278454284365"
"21-Feb-03","108.52558","98.7506386970798"
"20-Feb-03","112.00916","101.065104607773"
"19-Feb-03","106.31413","97.2813669599007"
"18-Feb-03","106.05022","97.1060270226835"
"14-Feb-03","105.42422","96.6901170507312"
"13-Feb-03","103.99032","95.7374440335068"
"12-Feb-03","106.30862","97.2777061548761"
"11-Feb-03","104.39448","96.0059650786574"
"10-Feb-03","110.25499","99.8996464679969"
"7-Feb-03","104.0412","95.7712483456041"
"6-Feb-03","102.49964","94.747046785919"
"5-Feb-03","96.39153","90.6888617079925"
"4-Feb-03","92.458115","88.0755286052338"
"3-Feb-03","92.153915","87.8734202770103"
"31-Jan-03","93.295715","88.6320241204211"
"30-Jan-03","96.121254","90.5092922454056"
"29-Jan-03","92.962234","88.4104617029185"
"28-Jan-03","93.34121","88.6622506766096"
"27-Jan-03","94.88993","89.691209289648"
"24-Jan-03","91.38894","87.3651762981057"
"23-Jan-03","90.94784","87.0721125782524"
"22-Jan-03","88.84727","85.6765087287572"
"21-Jan-03","89.1423","85.8725245738452"
"17-Jan-03","88.248436","85.2786476550445"
"16-Jan-03","91.280464","87.293105611017"
"15-Jan-03","89.655205","86.2132950277817"
"14-Jan-03","89.30923","85.9834316850561"
"13-Jan-03","85.97114","83.7656283012311"
"10-Jan-03","87.10786","84.5208570285756"
"9-Jan-03","83.78174","82.3110064280801"
"8-Jan-03","82.52572","81.4765156246111"
"7-Jan-03","87.53379","84.8038419077348"
"6-Jan-03","90.626366","86.8585275266175"
"3-Jan-03","88.97674","85.7625276809436"
"2-Jan-03","87.81984","84.9938915043434"
"31-Dec-02","84.59312","82.8500815607362"
"30-Dec-02","91.86303","87.6801583406023"
"27-Dec-02","89.95629","86.4133337720393"
"26-Dec-02","89.558586","86.1491020476218"
"24-Dec-02","89.321556","85.9916209922674"
"23-Dec-02","87.023865","84.4650513447192"
"20-Dec-02","86.03316","83.806833950529"
"19-Dec-02","86.244255","83.9470839753361"
"18-Dec-02","84.05642","82.4935018771151"
"17-Dec-02","84.841675","83.0152197445678"
"16-Dec-02","82.773834","81.6413608111622"
"13-Dec-02","80.381325","80.0517947551146"
"12-Dec-02","77.5473","78.1688885917563"
"11-Dec-02","77.41277","78.0795078113621"
"10-Dec-02","75.50917","76.8147694365882"
"9-Dec-02","76.0029","77.1428001561601"
"6-Dec-02","76.203224","77.2758940047566"
"5-Dec-02","75.83431","77.0307901526913"
"4-Dec-02","77.61941","78.216797965682"
"3-Dec-02","78.085365","78.5263751717221"
"2-Dec-02","76.395836","77.4038640551043"
"27-Nov-02","76.69944","77.6055764051437"
"26-Nov-02","75.42842","76.761119707778"
"25-Nov-02","77.246956","77.9693421626572"
"22-Nov-02","75.448715","76.7746035622201"
"21-Nov-02","75.20521","76.612820562667"
"20-Nov-02","72.96949","75.1274240091633"
"19-Nov-02","72.67254","74.9301325296565"
"18-Nov-02","69.548195","72.8543398118937"
"15-Nov-02","67.46853","71.4726250965258"
"14-Nov-02","66.973656","71.143834311446"
"13-Nov-02","68.309044","72.0310566527008"
"12-Nov-02","68.887856","72.4156152512402"
"11-Nov-02","69.58765","72.8805534348064"
"8-Nov-02","69.485115","72.8124299060938"
"7-Nov-02","71.85436","74.3865395251006"
"6-Nov-02","71.617714","74.2293135966299"
"5-Nov-02","72.5738","74.8645303720997"
"4-Nov-02","73.94811","75.7776122148374"
"1-Nov-02","75.16297","76.5847566054541"
"31-Oct-02","74.66317","76.2526930208187"
"30-Oct-02","73.5602","75.5198875547415"
"29-Oct-02","73.761055","75.6533341959819"
"28-Oct-02","73.52889","75.4990854122146"
"25-Oct-02","77.06281","77.8469968628247"
"24-Oct-02","76.77552","77.6561234189873"
"23-Oct-02","76.61158","77.5472028426265"
"22-Oct-02","76.86976","77.7187358083752"
"21-Oct-02","79.09458","79.1968904789807"
"18-Oct-02","80.08502","79.8549318090454"
"17-Oct-02","79.13447","79.2233931128164"
"16-Oct-02","80.573204","80.1792778054473"
"15-Oct-02","80.66874","80.2427512480678"
"14-Oct-02","78.83138","79.0220222607413"
"11-Oct-02","78.74233","78.9628580706417"
"10-Oct-02","78.06071","78.5099945641206"
"9-Oct-02","79.330055","79.3533384033345"
"8-Oct-02","77.7651","78.3135933711353"
"7-Oct-02","79.58208","79.5207820306209"
"4-Oct-02","79.46746","79.4446293133922"
"3-Oct-02","79.91645","79.7429350934351"
"2-Oct-02","81.596","80.8588162330399"
"1-Oct-02","81.65594","80.8986399450508"
"30-Sep-02","81.3278","80.6806260501683"
"27-Sep-02","80.46841","80.1096534131138"
"26-Sep-02","80.23589","79.9551687698576"
"25-Sep-02","79.88785","79.7239334557389"
"24-Sep-02","80.81324","80.3387560259386"
"23-Sep-02","79.804405","79.668493187992"
"20-Sep-02","79.54122","79.4936349356465"
"19-Sep-02","78.977974","79.1194182774001"
"18-Sep-02","78.2978","78.6675154830506"
"17-Sep-02","76.37782","77.3918943521415"
"16-Sep-02","78.26108","78.6431189747917"
"13-Sep-02","77.7126","78.2787127424971"
"12-Sep-02","78.78167","78.9889952883679"
"11-Sep-02","78.98318","79.1228771069751"
"10-Sep-02","79.70188","79.6003763032086"
"9-Sep-02","77.90173","78.404369376675"
"6-Sep-02","79.0808","79.1877351444543"
"5-Sep-02","76.025566","77.1578592862308"
"4-Sep-02","74.068535","75.8576217330041"
"3-Sep-02","75.63972","76.9015059331351"
"30-Aug-02","76.53322","77.4951410129106"
"29-Aug-02","75.508514","76.8143335948284"
"28-Aug-02","75.737236","76.9662948737499"
"27-Aug-02","76.791695","77.6668699745725"
"26-Aug-02","74.54955","76.1772046965164"
"23-Aug-02","74.08866","75.8709926406488"
"22-Aug-02","75.20539","76.6129401533938"
"21-Aug-02","74.03391","75.8346171279261"
"20-Aug-02","73.559","75.5190902832298"
"19-Aug-02","73.74856","75.645032606366"
"16-Aug-02","72.63354","74.9042212055253"
"15-Aug-02","70.169525","73.2671470688796"
"14-Aug-02","70.08883","73.2135338816804"
"13-Aug-02","69.03583","72.5139281301375"
"12-Aug-02","66.51444","70.8387344493372"
"9-Aug-02","66.95937","71.1343427940988"
"8-Aug-02","66.2779","70.6815789465168"
"7-Aug-02","67.1274","71.2459807375288"
"6-Aug-02","66.90867","71.1006580727283"
"5-Aug-02","66.623634","70.9112821705471"
"2-Aug-02","66.23132","70.6506315240031"
"1-Aug-02","68.819336","72.3700910479205"
"31-Jul-02","69.86966","73.0679188839922"
"30-Jul-02","67.52365","71.5092464346312"
"29-Jul-02","66.51442","70.8387211614787"
"26-Jul-02","66.96761","71.1398173918127"
"25-Jul-02","67.929985","71.7792125343968"
"24-Jul-02","65.444496","70.1278712240487"
"23-Jul-02","67.467155","71.4717115562519"
"22-Jul-02","68.90673","72.4281550033339"
"19-Jul-02","69.42718","72.7739383019004"
"18-Jul-02","70.45366","73.455924353034"
"17-Jul-02","70.08315","73.2097601298582"
"16-Jul-02","69.27538","72.6730834556666"
"15-Jul-02","70.60694","73.557762500799"
"12-Jul-02","69.77308","73.0037518151565"
"11-Jul-02","68.39296","72.0868098495161"
"10-Jul-02","67.87266","71.7411262098886"
"9-Jul-02","66.25804","70.6683841029976"
"8-Jul-02","67.06258","71.2029147880368"
"3-Jul-02","68.32527","72.0418370923252"
"2-Jul-02","68.60106","72.2250700175085"
"1-Jul-02","67.87633","71.7435645319286"
"28-Jun-02","67.41275","71.4355652590889"
"27-Jun-02","67.5422","71.5215709234167"
"26-Jun-02","66.19257","70.6248862981035"
"25-Jun-02","67.98544","71.8160564441326"
"24-Jun-02","66.12972","70.5831292026767"
"21-Jun-02","66.728905","70.9812234783065"
"20-Jun-02","66.00994","70.5035482179475"
"19-Jun-02","66.37573","70.7465765065105"
"18-Jun-02","66.81478","71.0382782208647"
"17-Jun-02","67.45936","71.4665326133903"
"14-Jun-02","65.672935","70.2796444797721"
"13-Jun-02","64.65266","69.601780986747"
"12-Jun-02","63.177937","68.6219854570865"
"11-Jun-02","62.43102","68.1257390856476"
"10-Jun-02","63.51644","68.8468844558657"
"7-Jun-02","63.930103","69.1217192269962"
"6-Jun-02","64.35371","69.4031607213873"
"5-Jun-02","63.995068","69.1648815134625"
"4-Jun-02","64.67022","69.6134477265353"
"3-Jun-02","65.26296","70.0072599897543"
"31-May-02","62.592236","68.2328498556768"
"30-May-02","63.460335","68.8096086907277"
"29-May-02","63.200558","68.6370146894755"
"28-May-02","65.200035","69.9654530648579"
"24-May-02","65.67776","70.2828501756422"
"23-May-02","67.56343","71.5356759852451"
"22-May-02","66.72469","70.9784230621215"
"21-May-02","68.02671","71.8434759402069"
"20-May-02","68.175446","71.9422950865141"
"17-May-02","67.2217","71.3086329904922"
"16-May-02","68.35696","72.0628917041642"
"15-May-02","70.40374","73.4227578581461"
"14-May-02","70.25692","73.3252116886859"
"13-May-02","67.46133","71.4678414674554"
"10-May-02","68.4473","72.1229129611389"
"9-May-02","66.91059","71.101933707147"
"8-May-02","66.404655","70.7657940719079"
"7-May-02","64.9141","69.7754798734359"
"6-May-02","64.61742","69.5783677800192"
"3-May-02","65.91246","70.438783195478"
"2-May-02","65.73139","70.3184815682872"
"1-May-02","67.58066","71.5471234753677"
"30-Apr-02","68.89184","72.4182621926592"
"29-Apr-02","67.82232","71.7076806699715"
"26-Apr-02","67.427","71.4450328582907"
"25-Apr-02","67.480446","71.4805420026373"
"24-Apr-02","65.15692","69.9368077638344"
"23-Apr-02","65.69287","70.2928891527607"
"22-Apr-02","65.62968","70.2509061637389"
"19-Apr-02","64.652336","69.6015657234389"
"18-Apr-02","66.22651","70.6474357940269"
"17-Apr-02","64.40427","69.4367524277482"
"16-Apr-02","63.64566","68.9327373098205"
"15-Apr-02","61.23534","67.33133775136"
"12-Apr-02","63.04938","68.5365730956419"
"11-Apr-02","66.085754","70.5539185032727"
"10-Apr-02","67.5912","71.5541261768124"
"9-Apr-02","68.670784","72.2713941499117"
"8-Apr-02","69.96579","73.131786976011"
"5-Apr-02","68.02561","71.8427451079878"
"4-Apr-02","72.822075","75.0294825259119"
"3-Apr-02","70.15768","73.2592773346659"
"2-Apr-02","69.02798","72.5087126456649"
"1-Apr-02","68.696175","72.288263750707"
"28-Mar-02","66.61929","70.9083960476746"
"27-Mar-02","65.878784","70.4164090992871"
"26-Mar-02","63.68381","68.9580838999642"
"25-Mar-02","64.20531","69.3045648111034"
"22-Mar-02","67.06963","71.2075987581683"
"21-Mar-02","65.83307","70.3860370410478"
"20-Mar-02","66.66848","70.9410775357263"
"19-Mar-02","66.21387","70.6390378674367"
"18-Mar-02","64.52967","69.520067300724"
"15-Mar-02","65.30163","70.0329520642197"
"14-Mar-02","64.08489","69.2245586149013"
"13-Mar-02","63.794132","69.0313810563951"
"12-Mar-02","62.49464","68.1680077636278"
"11-Mar-02","62.729458","68.3240191818289"
"8-Mar-02","61.29099","67.3683112177165"
"7-Mar-02","61.838512","67.7320809615876"
"6-Mar-02","60.1372","66.6017413031176"
"5-Mar-02","59.364983","66.0886857906397"
"4-Mar-02","58.431988","65.4688105122345"
"1-Mar-02","58.042507","65.2100420908511"
"28-Feb-02","55.87979","63.7731482141564"
"27-Feb-02","55.82749","63.7384004641035"
"26-Feb-02","53.030376","61.8800177080531"
"25-Feb-02","54.33608","62.7475182096794"
"22-Feb-02","54.710983","62.9966011109811"
"21-Feb-02","53.8579","62.4298188001136"
"20-Feb-02","53.87096","62.438495771733"
"19-Feb-02","54.901905","63.1234483372832"
"15-Feb-02","55.142933","63.2835856355575"
"14-Feb-02","55.702053","63.6550610085895"
"13-Feb-02","54.668056","62.9680807158278"
"12-Feb-02","55.78239","63.708436343121"
"11-Feb-02","53.026333","61.8773315674515"
"8-Feb-02","52.39562","61.4582903116368"
"7-Feb-02","51.78489","61.0525256196712"
"6-Feb-02","53.985813","62.5148032925135"
"5-Feb-02","53.17039","61.9730420192559"
"4-Feb-02","54.78136","63.0433590919653"
"1-Feb-02","52.31934","61.4076104192078"
"31-Jan-02","51.32935","60.7498680659601"
"30-Jan-02","50.480232","60.1857200730459"
"29-Jan-02","52.375355","61.4448263889825"
"28-Jan-02","54.14072","62.6177224075698"
"25-Jan-02","53.055508","61.8967152310804"
"24-Jan-02","51.914574","61.1386867519438"
"23-Jan-02","52.33764","61.4197688097617"
"22-Jan-02","51.281513","60.7180855015379"
"18-Jan-02","52.34084","61.4218948671263"
"17-Jan-02","53.419125","62.1382997938143"
"16-Jan-02","50.91258","60.472969026007"
"15-Jan-02","52.30344","61.3970465716774"
"14-Jan-02","52.97284","61.8417911966374"
"11-Jan-02","55.055805","63.2256984086625"
"10-Jan-02","54.15239","62.6254758730214"
"9-Jan-02","54.849598","63.0886959364798"
"8-Jan-02","56.645905","64.2821496009971"
"7-Jan-02","58.078827","65.2341728419395"
"4-Jan-02","57.027634","64.5357676484147"
"3-Jan-02","57.432365","64.8046680619263"
"2-Jan-02","56.12655","63.9370938126851"
"31-Dec-01","56.300373","64.0525805843379"
"28-Dec-01","58.778313","65.6989063924843"
"27-Dec-01","58.306076","65.3851554700804"
"26-Dec-01","55.665028","63.630461860488"
"21-Dec-01","54.92194","63.1367594495644"
"20-Dec-01","56.883144","64.4397695144732"
"19-Dec-01","56.34675","64.0833931350875"
"18-Dec-01","54.362606","62.7651418964462"
"17-Dec-01","54.344585","62.7531688715188"
"14-Dec-01","52.40135","61.4620972831053"
"13-Dec-01","49.679436","59.6536768751233"
"12-Dec-01","50.675854","60.3156899461023"
"11-Dec-01","49.763012","59.7092041783436"
"10-Dec-01","50.96166","60.5055774308368"
"7-Dec-01","49.94888","59.8326935627954"
"6-Dec-01","52.516823","61.5388167275003"
"5-Dec-01","55.255314","63.3582507770239"
"4-Dec-01","55.82867","63.7391844477567"
"3-Dec-01","54.67228","62.9708871115491"
"30-Nov-01","52.610676","61.6011719968256"
"29-Nov-01","52.925785","61.8105281874836"
"28-Nov-01","52.568527","61.573168499369"
"27-Nov-01","52.626793","61.6118800176211"
"26-Nov-01","52.556736","61.5653346423734"
"23-Nov-01","53.734882","62.3480865110887"
"21-Nov-01","54.66185","62.9639574933263"
"20-Nov-01","54.300705","62.7240153099066"
"19-Nov-01","50.072994","59.9151540264677"
"16-Nov-01","51.172043","60.6453544078803"
"15-Nov-01","55.46276","63.4960764320425"
"14-Nov-01","57.100464","64.5841553852474"
"13-Nov-01","60.856407","67.0795773465648"
"12-Nov-01","60.91818","67.1206188908099"
"9-Nov-01","62.607105","68.2427287141"
"8-Nov-01","58.965076","65.8229904086053"
"7-Nov-01","57.48669","64.8407612076552"
"6-Nov-01","56.980503","64.5044541453986"
"5-Nov-01","58.72925","65.6663092823343"
"2-Nov-01","58.039665","65.2081538861542"
"1-Nov-01","61.091248","67.2356040458032"
"31-Oct-01","61.770077","67.6866132316666"
"30-Oct-01","62.3035","68.0410156996678"
"29-Oct-01","63.224422","68.6528697622721"
"26-Oct-01","62.648956","68.2705342224645"
"25-Oct-01","64.07332","69.2168715887424"
"24-Oct-01","61.950554","67.806520873852"
"23-Oct-01","63.176533","68.6210526494177"
"22-Oct-01","62.389553","68.0981887041668"
"19-Oct-01","61.849487","67.7393726739553"
"18-Oct-01","61.442394","67.4689029643515"
"17-Oct-01","61.916916","67.7841720245923"
"16-Oct-01","63.21972","68.649745786732"
"15-Oct-01","64.04339","69.196986308454"
"12-Oct-01","67.1822","71.2823894698978"
"11-Oct-01","64.90418","69.7688890956056"
"10-Oct-01","64.82792","69.7182224910352"
"9-Oct-01","64.22823","69.3197926969775"
"8-Oct-01","63.981346","69.1557647137259"
"5-Oct-01","65.87381","70.413104408871"
"4-Oct-01","64.78561","69.6901120263174"
"3-Oct-01","64.265755","69.3447240415422"
"2-Oct-01","65.41213","70.1063674825915"
"1-Oct-01","64.58352","69.5558448598129"
"28-Sep-01","66.20725","70.6346395862637"
"27-Sep-01","65.334885","70.0550464509886"
"26-Sep-01","60.993717","67.1708051392945"
"25-Sep-01","63.76594","69.0126504910128"
"24-Sep-01","65.3937","70.0941227209572"
"21-Sep-01","72.32032","74.6961200531053"
"20-Sep-01","72.78248","75.0031758879895"
"19-Sep-01","73.666145","75.5902766633334"
"18-Sep-01","79.60176","79.5338572834133"
"17-Sep-01","81.28295","80.6508280274174"
"10-Sep-01","79.91649","79.7429616691522"
"7-Sep-01","78.397545","78.7337853554986"
"6-Sep-01","77.54702","78.1687025617369"
"5-Sep-01","76.01296","77.1494839490001"
"4-Sep-01","76.9773","77.7901846236847"
"31-Aug-01","76.519615","77.4861019471463"
"30-Aug-01","76.70039","77.6062075784238"
"29-Aug-01","78.480095","78.7886309915763"
"28-Aug-01","75.94088","77.1015945068622"
"27-Aug-01","76.11314","77.216042832371"
"24-Aug-01","74.68867","76.2696350404429"
"23-Aug-01","73.143875","75.2432841696408"
"22-Aug-01","73.8039","75.6818001109153"
"21-Aug-01","71.50453","74.1541149476436"
"20-Aug-01","70.65603","73.590377549558"
"17-Aug-01","73.77741","75.6642003422939"
"16-Aug-01","74.392876","76.0731115991591"
"15-Aug-01","75.6538","76.9108605855394"
"14-Aug-01","74.39591","76.0751273672979"
"13-Aug-01","74.863144","76.3855543318909"
"10-Aug-01","74.458374","76.1166280070552"
"9-Aug-01","73.148285","75.2462141424464"
"8-Aug-01","73.87354","75.7280684343127"
"7-Aug-01","74.018745","75.8245416091966"
"6-Aug-01","72.671394","74.9293711353628"
"3-Aug-01","73.201675","75.2816860807891"
"2-Aug-01","72.327446","74.7008545170991"
"1-Aug-01","70.347725","73.3855418883714"
"31-Jul-01","70.14293","73.2494775390008"
"30-Jul-01","71.2403","73.9785624046899"
"27-Jul-01","71.28231","74.0064735515297"
"26-Jul-01","70.74648","73.6504718897546"
"25-Jul-01","69.02671","72.5078688666484"
"24-Jul-01","68.232475","71.9801847507161"
"23-Jul-01","68.98712","72.4815655506905"
"20-Jul-01","67.741234","71.6538077051381"
"19-Jul-01","67.915016","71.7692672366809"
"18-Jul-01","67.3598","71.4003856536338"
"17-Jul-01","69.15235","72.5913431939265"
"16-Jul-01","68.31362","72.0340969147322"
"13-Jul-01","70.133125","73.2429631663571"
"12-Jul-01","69.52335","72.8378329696363"
"11-Jul-01","71.05074","73.8526200815537"
"10-Jul-01","72.82766","75.0331931604061"
"9-Jul-01","73.4906","75.4736458070612"
"6-Jul-01","72.736336","74.9725181407917"
"5-Jul-01","71.558075","74.1896898668899"
"3-Jul-01","70.56671","73.5310339733682"
"2-Jul-01","72.34113","74.7099460699045"
"29-Jun-01","71.82734","74.3685876282281"
"28-Jun-01","70.46747","73.4650996193482"
"27-Jun-01","72.10561","74.553468247869"
"26-Jun-01","74.33326","76.0335031504564"
"25-Jun-01","74.38258","76.0662710095885"
"22-Jun-01","75.73408","76.9641980496741"
"21-Jun-01","75.073784","76.5255020579165"
"20-Jun-01","77.613205","78.2126754075734"
"19-Jun-01","77.75062","78.3039729615604"
"18-Jun-01","80.01556","79.8087830763748"
"15-Jun-01","82.12728","81.2117949069997"
"14-Jun-01","80.95811","80.4350066291922"
"13-Jun-01","80.80665","80.3343776765533"
"12-Jun-01","78.81272","79.0096246887339"
"11-Jun-01","79.17066","79.2474374928244"
"8-Jun-01","77.19752","77.9364972339456"
"7-Jun-01","76.93804","77.7641005573926"
"6-Jun-01","76.17015","77.2539198731074"
"5-Jun-01","77.13058","77.8920227714496"
"4-Jun-01","78.37051","78.7158234927322"
"1-Jun-01","77.47334","78.1197500909167"
"31-May-01","76.13747","77.2322075122713"
"30-May-01","77.75455","78.3065840257613"
"29-May-01","79.22029","79.2804113137636"
"25-May-01","79.32018","79.3467775231859"
"24-May-01","81.11704","80.5405985969915"
"23-May-01","80.62237","80.2119433480687"
"22-May-01","81.02574","80.4799395228074"
"21-May-01","80.67158","80.2446381239789"
"18-May-01","79.40325","79.4019686435854"
"17-May-01","77.06649","77.849441828794"
"16-May-01","77.12741","77.8899166458728"
"15-May-01","75.7496","76.9745094278925"
"14-May-01","76.58413","77.5289652567957"
"11-May-01","76.71975","77.6190702254797"
"10-May-01","76.96049","77.7790161785912"
"9-May-01","75.212616","76.6177410566802"
"8-May-01","75.43076","76.7626743872259"
"7-May-01","76.97079","77.7858594257335"
"4-May-01","76.781746","77.6602599293473"
"3-May-01","74.78265","76.3320746876699"
"2-May-01","75.28493","76.6657859667629"
"1-May-01","75.72384","76.9573946661073"
"30-Apr-01","77.11908","77.8843822527955"
"27-Apr-01","77.82541","78.353662908529"
"26-Apr-01","76.70755","77.6109646317771"
"25-Apr-01","74.485435","76.1346071440376"
"24-Apr-01","76.22239","77.2886277595848"
"23-Apr-01","77.07123","77.8525910512653"
"20-Apr-01","78.306114","78.6730392458411"
"19-Apr-01","77.95047","78.4367518879097"
"18-Apr-01","78.067665","78.514615416924"
"17-Apr-01","81.10558","80.5329846540545"
"16-Apr-01","78.39846","78.7343932750262"
"12-Apr-01","80.80948","80.3362579085352"
"11-Apr-01","78.93606","79.0915709122812"
"10-Apr-01","76.06359","77.1831221628658"
"9-Apr-01","73.87663","75.7301214084554"
"6-Apr-01","73.19593","75.2778691434267"
"5-Apr-01","72.70124","74.9492006066453"
"4-Apr-01","70.82788","73.7045534739669"
"3-Apr-01","67.75286","71.6615319373009"
"2-Apr-01","70.45725","73.4583095236399"
"30-Mar-01","70.28971","73.3469971327439"
"29-Mar-01","69.785675","73.012119844065"
"28-Mar-01","78.19249","78.5975482639671"
"27-Mar-01","76.40624","77.410776399111"
"26-Mar-01","76.81551","77.6826924921157"
"23-Mar-01","73.47312","75.462032218707"
"22-Mar-01","71.97511","74.4667649709684"
"21-Mar-01","69.26774","72.6680074937085"
"20-Mar-01","68.40161","72.0925568483298"
"19-Mar-01","69.22997","72.6429133728768"
"16-Mar-01","71.825066","74.3670767987134"
"15-Mar-01","70.24147","73.3149468179724"
"14-Mar-01","73.580925","75.533657098142"
"13-Mar-01","72.813805","75.0239879964102"
"12-Mar-01","72.54772","74.847203004578"
"9-Mar-01","73.537926","75.505088866698"
"8-Mar-01","74.28762","76.0031802572936"
"7-Mar-01","73.40598","75.4174248776257"
"6-Mar-01","73.61723","75.5577778833365"
"5-Mar-01","74.697975","76.2758172166235"
"2-Mar-01","72.46077","74.789434039624"
"1-Mar-01","70.91604","73.763126354362"
"28-Feb-01","74.69668","76.2749568277837"
"27-Feb-01","74.94356","76.4389821534636"
"26-Feb-01","73.87921","75.7318355422056"
"23-Feb-01","74.12425","75.8946383849008"
"22-Feb-01","74.70811","76.2825508389329"
"21-Feb-01","75.2664","76.653474765836"
"20-Feb-01","77.18152","77.9258669471226"
"16-Feb-01","76.70397","77.6085861051004"
"15-Feb-01","76.73513","77.6292885886884"
"14-Feb-01","79.44549","79.4300326007983"
"13-Feb-01","79.58665","79.5238183062947"
"12-Feb-01","81.42945","80.7481615911411"
"9-Feb-01","83.49328","82.1193556445188"
"8-Feb-01","83.24093","81.9516960895313"
"7-Feb-01","80.23329","79.9534413482488"
"6-Feb-01","81.885315","81.0510350725533"
"5-Feb-01","80.711464","80.2711367714571"
"2-Feb-01","78.55491","78.838337548368"
"1-Feb-01","76.170586","77.2542095484234"
"31-Jan-01","79.30343","79.335648941668"
"30-Jan-01","80.48674","80.1218317354554"
"29-Jan-01","84.56373","82.8305550526281"
"26-Jan-01","82.90421","81.7279817033399"
"25-Jan-01","82.53147","81.4803358839381"
"24-Jan-01","84.51265","82.7966178619454"
"23-Jan-01","87.10639","84.5198803709738"
"22-Jan-01","87.34615","84.6791752190174"
"19-Jan-01","84.00868","82.4617837588067"
"18-Jan-01","81.94888","81.0932672089226"
"17-Jan-01","82.083534","81.1827303740396"
"16-Jan-01","84.47736","82.7731714355713"
"12-Jan-01","83.55442","82.1599766280414"
"11-Jan-01","84.33201","82.6766019237131"
"10-Jan-01","81.14977","80.5623441774739"
"9-Jan-01","82.918175","81.7372599505577"
"8-Jan-01","86.56419","84.1596465262572"
"5-Jan-01","86.45289","84.0856995935443"
"4-Jan-01","84.96334","83.0960531099633"
"3-Jan-01","84.988106","83.1125074651796"
"2-Jan-01","87.71342","84.9231868091115"
